TableName,CumulativeShare
Inventtrans,0.0921950821855231
Retailtransactionpaymenttrans,0.065436424195275
Retailtransactionsalestrans,0.0614228730733714
Retailtransactiontable,0.0590103773902282
Salesline,0.0462448678389553
Generaljournalaccountentry,0.0407272840667281
Taxtrans,0.0329345330374101
Inventtransposting,0.0275291237788131
Inventtransorigin,0.023979701339669
Taxtransgeneraljournalaccountentry,0.0229997911074454
Custinvoicetrans,0.0220436322646235
Retailtransactiontaxtrans,0.016638148545729
Custtrans,0.0165276894366467
Ledgerjournaltrans,0.0164593684967179
Sourcedocumentline,0.0149264451266301
Inventsettlement,0.0134086297480958
Retaileodtransactiontable,0.0118540406840422
Generaljournalentry,0.01110703591152
Salestable,0.0105058923920663
Inventjournaltrans,0.0096992193609573
Accountingdistribution,0.0096415684914211
Retailsalesline,0.0087215351243437
Inventdim,0.0085795108624403
Retaileodtransactionsalestrans,0.0084310603343968
Retailtransactionattributetrans,0.0081217125477055
Custinvoicejour,0.0078114964401782
Custsettlement,0.007490024551876
Creditcardauthtrans,0.0071006950300811
Inventreportdimhistory,0.0060325192291407
TaxtransReporting,0.005945366046496
Purchline,0.0057063746519501
Inventsum,0.0056789704982917
Inventvaluereporttmpline,0.0056317834959557
Retaileodstatementcontrollerlog,0.005570161358952
Salesparmline,0.0054828439573629
Subledgervouchergeneraljournalentry,0.0048818975086713
Retailtransactioninfocodetrans,0.0047365293086221
Mcrsalesline,0.0044480887370634
Retailtransactiondiscounttrans,0.0039356752700855
Subledgerjournalaccountentrydistribution,0.0037648729030226
Retaileodtransactionpaymenttrans,0.0034718621386302
Inventtransoriginsalesline,0.0034034220624103
Inventcosttrans,0.0032164219913271
Pricedisctable,0.0030544387004775
Pdsrebatecustinvoicetrans,0.0030496020015633
Vendtrans,0.0028571980557845
Vendinvoicetrans,0.0027844901965788
Retailloyaltycardrewardpointtrans,0.0027752092901579
Inventjournaltable,0.0026562744667737
Salesparmtable,0.0026013927278392
Retaileodtransactionaggregationheader,0.002568933086698
Vendinvoiceinfotable,0.0024317530513506
Custinvoicesaleslink,0.0024196564917879
Pricediscadmtrans,0.0023109829865766
Subledgerjournalaccountentry,0.0023001937961533
Retailsalestable,0.0021780302818712
Custtransidref,0.002153940801505
Retaileodtransactionaggregationtrans,0.0021120066965397
Retaillog,0.0020678035888253
Purchtable,0.0020511732960702
Retailtransactionfiscaltrans,0.0020281511387553
Whsinventreserve,0.0019989856442809
Vendsettlement,0.0019776103139445
Vendinvoiceinfoline,0.0019090130634212
Whsworkline,0.0018675485483132
Markuptrans,0.0017330945907895
Retaileodtransactioninfocodetrans,0.0016597585591354
Retailstatementvoucher,0.0016253645125843
Vendpackingsliptrans,0.0015547528242554
Creditcardcust,0.0015374660142339
Inventtransferline,0.0015045059172564
Taxworkregulation,0.0014276784886695
Inventtransoriginjournaltrans,0.0013761090869296
Generaljournalaccountentrydimension,0.0013602303500865
Retaileodstatementeventlog,0.0013211750302799
Mcrpricehistoryref,0.001282734168551
Taxuncommitted,0.0012584166816219
Retaileventnotificationlog,0.0012563469570416
Inventtransferjourline,0.0012558378349677
TaxtransW,0.0012504908518865
Custpackingsliptrans,0.0012484258823012
Inventitemprice,0.0012352812963088
Whssalesline,0.001220774610514
Retailsalesdiscountline,0.0012062875385339
Retailtransactionfiscaltransextendeddata,0.0011774445178513
Vendinvoicejour,0.0011311510348548
Purchlinehistory,0.0010674656477219
Generaljournalaccountentrysubledgerjournalaccountentry,0.001061958803348
Salesparmsubtable,0.0010334496062255
Mcrordereventtable,0.0010136517918984
Inventtransorigintransfer,0.0010057745234186
Forecastinvent,0.0009686104454178
Salesparmupdate,0.0009596599788806
Smmtranslog,0.0009339141030792
Ledgerentry,0.0009222588966676
Retailcustinvoicejourtable,0.0009046942163293
Custpackingslipbackorderline,0.0008905615074142
Purchparmtable,0.0008784195485241
Inventcountjour,0.0008621243063968
Saleslinedelete,0.0008091674848636
Forecastsales,0.0007724928532827
Whsworkinventtrans,0.0007532919153314
TaxtransIn,0.0007520598193525
Taxjournaltrans,0.0007372730380288
Retailtransactiontaxtransgte,0.0007221265101764
Retailtransactionaffiliationtrans,0.0007069824150972
Inventagingtmp,0.0007008598770933
Inventtransferparmline,0.0006978394932981
Purchparmline,0.0006960115730261
Whsworkusersessionlog,0.0006737927548668
Purchparmupdate,0.0006724328958648
Retailstatementjour,0.0006586982603467
Retailtransactiontaxmeasure,0.0006393035472588
Salesinvoiceheaderfootertmp,0.0006324032409419
Bankaccounttrans,0.0006220441234843
Inventtransarchive,0.0006130277166613
Custtransopen,0.0006081206346791
Inventledgerconflicttmpconflict,0.0006057486298315
Custconfirmtrans,0.0005821291873914
Wmsordertrans,0.0005673971507144
Retaileodstatementpaymentjournaltable,0.000535993543068
Retaillogtransactionreference,0.0005348287779227
Whsworktrans,0.0005250425735615
Inventitemlocation,0.0005106624873631
Tamvendrebatetable,0.0005054383450451
Whsloadline,0.0004959353622092
Inventtransoriginpurchline,0.0004823793813622
Inventtablemodule,0.0004657948096413
Sourcedocumentlinereferenceidentity,0.0004614035505198
Whsworktable,0.0004500555922296
Retaildlvmodeproductexploded,0.000431926686295
Custinvoicejourmigratedtmp,0.0004238192300649
Inventtransoriginassemblycomponent,0.0004179887492785
Reqtrans,0.0004121199413616
Tamvendrebatevendinvoicetrans,0.0004113701453177
Bomcalctrans,0.0004059896758224
Retailtransactionloyaltyrewardpointtrans,0.0004004781005537
Retailtransactionpricetrans,0.0003888447445459
CustinvoicejourW,0.0003871211339776
Retailtransactiontenderdeclarationtrans,0.0003861170241982
Inventtransferjour,0.0003855628842044
Tamrebatetrans,0.0003742511761306
Vendpurchorderjour,0.000367062196445
Vendinvoicepurchlink,0.0003561830499316
Inventdistinctproduct,0.0003434370013152
Retailgroupmemberline,0.0003378328527792
Retailperiodicdiscountline,0.0003374766410552
SalestableW,0.000329076067846
Vendinvoiceinfosubline,0.0003218889819855
Custpackingslipjour,0.000321874993355
Inventtransferparmtable,0.000314651610468
Retailstatementtrans,0.000313986496943
Domlogs,0.0003053089940195
VendpackingsliptransIntrastat,0.0003030973196021
GeneraljournalaccountentryW,0.0002964800455842
Mcrcustpaymevent,0.0002963156534576
Pdsvendbatchinfo,0.000295202343071
Vendinvoicepackingslipquantitymatch,0.0002874628526717
Reqtransfirmlog,0.0002854221910469
Purchparmsubtable,0.0002842520156065
Vendinvoiceinfomarkupmatchingtolerance,0.000278445835136
Whscontainertable,0.0002737635286092
Retaillistingstatuslog,0.0002663853810602
Inventitembarcode,0.0002654541160849
Retaileventnotificationaction,0.0002598787375626
Inventtransorigintransferreceive,0.0002536578003914
Vendinvoiceinfosubtable,0.0002536232190078
Inventtransorigintransfership,0.000251563615382
Wmsjournaltrans,0.0002501356006918
Reqitemjournaltrans,0.0002495386435487
Whsinventtransoriginworkfrom,0.0002440152238136
Whsinventtransoriginworkto,0.0002439198156162
CusttransW,0.0002431499825231
Custpackingslipbackorderlinehistory,0.0002398602820545
Inventtransorigintransfertransitto,0.0002398208273711
Inventtransorigintransfertransitfrom,0.0002396519956618
Sourcedocumentlinesubledgerjourerrorlog,0.0002354706662695
Mcrcustpaymtable,0.0002348564407693
Custinvoicepackingslipquantitymatch,0.0002317591280244
Retailcouponcodetable,0.0002296917323094
Retailinventitemlabel,0.0002279555525826
Inventsumlogtts,0.0002279375450581
Wmsorder,0.0002249376136137
Whsjourloadline,0.0002241642817635
Bomparmreportfinish,0.0002236222626439
Inventdimcombination,0.0002142738238399
Vendinvoicematchingline,0.0002132612768777
Inventtransfertable,0.0002072242711072
Whsinventtransferline,0.0002062503275693
VendinvoiceinfolineAsset,0.0002023516463398
Whspurchline,0.0002003903520043
TaxtransIt,0.0001924670554893
Custconfirmjour,0.0001892735355621
Reqitemtable,0.0001857896418877
Inventitemcostgrouprollup,0.0001851209260562
Retailtransactionmarkuptrans,0.0001808624404713
Retaillogfiscalregistrationline,0.0001803126125712
Whsasnitem,0.0001781104522505
PurchparmlineAsset,0.0001778535611105
Retailposbatchline,0.0001761912214337
Vendpackingslipjour,0.0001748419458654
Purchtableversion,0.0001732693549817
Taxdocumentgeneraljournalentrylink,0.0001731835872315
Retailposbatchtable,0.0001682262301899
Retailposbatchtendertrans,0.0001666583383494
Wmspickingroute,0.0001638800426374
Salesparmsubline,0.0001636143755812
Ledgertranssettlement,0.0001628542734105
Inventitempurchsetup,0.0001593442474344
Retaileodtransactiontenderdeclarationtrans,0.0001589013222488
SaleslineIn,0.0001526586425853
Inventiteminventsetup,0.0001511906505151
Inventitemsalessetup,0.0001510438850585
Retailsalesaffiliation,0.0001506698056412
Wmsbillofladingcarrier,0.0001489893967608
VendinvoiceinfolineW,0.000145779578133
Inventcosttransvariance,0.000139370516014
Retailloyaltycardrewardpointdeduction,0.0001388392478415
Purchtablehistory,0.0001356781803871
Whscontainerline,0.0001341173563958
Salestabledelete,0.0001325976804352
Ledgerjournaltranstaxextensionin,0.0001295207591169
Inventonhandstoragereportline,0.0001293460577948
Ecoresproductbarcodeassociation,0.0001272474300059
Retailtransactionaddresstrans,0.0001265688758103
Whstmpworklinehistory,0.0001238701795512
Custpackingslipsaleslink,0.0001227817877098
Taxdoccomponenttranstaxtranslink,0.0001225277160155
Subledgerjournalaccentrylinerelieving,0.0001220253073237
Whsworklinecyclecount,0.0001206799451914
Prodcalctrans,0.0001201273862756
Tamvendrebatetrans,0.0001194369525993
Whsshipmenttable,0.0001190202742203
Bomcalctable,0.0001124381268797
Prodjournalbom,0.0001089929579948
CustinvoicetransIn,0.0001066916059045
Custconfirmsaleslink,0.000106340500806
Custinvoicetranstaxextensionin,0.0001053030836102
Inventtransoriginjournaltransreceipt,0.0001013196790039
Mcrsalestable,0.0001012217753087
CustinvoicetransW,0.000101188960935
CusttransIn,9.722406915506614e-05
Inventdistinctproductdefaultsalessetup,9.71019676707661e-05
Ledgercov,9.61978628250319e-05
Vendpackingslippurchlink,9.560703066679408e-05
Whsjourloadtable,9.07581624473149e-05
Assettransvendinvoicetrans,8.90522479789927e-05
Vendpackingslipversion,8.777998043279295e-05
Purchpurchaseorderheader,8.542951177978578e-05
Salesinvoicetmp,8.48464956739551e-05
Retailtransactionsafetendertrans,8.467432624094371e-05
Vendtransopen,8.378913678657834e-05
Retailpackagelines,8.359280719886486e-05
Custinvoicetable,8.330680747621165e-05
Purchtotalssummary,8.273555650981479e-05
Custinvoicebackorderline,8.154029682908836e-05
Retaillogfiscaltransaction,7.970020033611517e-05
Custvendexternalitem,7.918843512808524e-05
Vendinvoicematching,7.566087276017281e-05
Whsworkcreatehistory,7.47398636851394e-05
Whswavelabelhistory,7.456041946840065e-05
Retailbuyerspushlineqty,7.244824386562227e-05
Prodbom,7.094521600059659e-05
Assettrans,7.045786665811343e-05
Retailpackagepurch,6.935465472375088e-05
Retailcouponusage,6.879335469555178e-05
Bom,6.860535927027207e-05
Spectrans,6.443658427002641e-05
Vendinvoicedocumenttmp,6.409399412117482e-05
Retailtransactionbankedtendertrans,6.322739795146331e-05
Prodtablejour,6.242345399304446e-05
Custpackingslipversion,6.135690193099068e-05
Retailtransactionorderstatus,6.015351143442433e-05
Whswaveexecutionhistory,5.966770120766308e-05
Mcrsalesparmline,5.85350269897253e-05
Jmgstampjournaltrans,5.780312392619863e-05
Taxtransgeneraljournalaccountentryhistory,5.704358702703792e-05
Inventitemlocationcountingstatus,5.601965580587313e-05
Whsuomstructure,5.4623959982555134e-05
VendinvoicejourW,5.426104249691885e-05
Purchpackingslipheadertmp,5.412373096240913e-05
Purchlineforeigntradecategory,5.405326176576735e-05
SaleslineIntrastat,5.362656351621803e-05
VendinvoicejourIntrastat,5.206271185760312e-05
Retailassortmentproductline,5.151966558559469e-05
Retailtransactionchargetaxtrans,5.120235439282294e-05
Whsinventorytransactionarchive,5.070892676221168e-05
Mcrsalestableshipping,4.761674453112913e-05
Inventclosingnonfinancialinventtrans,4.713181670120056e-05
Projbudgetlinedetail,4.644849792006326e-05
Mcrinventtableindex,4.6311766612856215e-05
Reqtranscov,4.607385310778071e-05
Whsworkexceptionlog,4.48643691320239e-05
Taxtranshistory,4.348511982266507e-05
Projtransposting,4.3340992635661705e-05
Wmsshipment,4.2642733257322295e-05
Inventitempricesim,4.2467486547100615e-05
Salesshippingstat,4.236494173297479e-05
Bankstmtisoreportentry,4.181813646862989e-05
VendinvoiceinfotableRu,4.109359017859765e-05
Bankreconciliationhistorydetails,4.0971955242442666e-05
SalesparmlineIn,4.013227728007161e-05
Prodindirecttrans,3.897197009615393e-05
EinvoicejourMx,3.879772344053068e-05
Reqpo,3.856636011454587e-05
Inventbatch,3.855685328392888e-05
LedgerjournaltransW,3.8093761073683326e-05
Retailtransactioncashmanagementtrans,3.795084123649727e-05
Salespackingslipheadertmp,3.78444018534746e-05
LedgerjournaltransAsset,3.735069990205133e-05
Whscontainertrans,3.672668170238547e-05
VendpackingslipjourIntrastat,3.657558453602253e-05
Retailxzreporttable,3.652881344427899e-05
Bankreconciliationmatchingitem,3.622129758333086e-05
Whslicenseplatelabel,3.604829619977075e-05
Retailfiscaltranssalestransadjustment,3.5989800464293547e-05
Whshistory,3.555430017737955e-05
Pdscustsellabledays,3.5219332344736336e-05
InventtransferlineIn,3.476140141594328e-05
Wmsjournaltable,3.405318141190529e-05
Inventcosttranssum,3.389675830242891e-05
Emitemsadditionalfields,3.384871831359218e-05
EinvoicehistMx,3.27786330082501e-05
Taxdocumentmeasuresourcedocumentline,3.275106499590641e-05
Jmgtermreg,3.262790332836054e-05
Custinvoiceline,3.248112925643662e-05
Wmspickingroutelink,3.228996737085718e-05
Inventsumdatetrans,3.223893408461204e-05
Salespackingsliptrackinginformation,3.193313880061219e-05
Custtranscashdisc,3.183486310465056e-05
Whswaveline,3.159992167973669e-05
InventjournaltransTag,3.089476478323213e-05
CustinvoicejourPl,3.078614390758951e-05
Retaileodtransactionsafetendertrans,3.0640733832740415e-05
Tradepackingsliptranschain,3.00440640343047e-05
Ledgerconsolidatehistref,2.961823589134732e-05
Prodparmstartup,2.9370390541768184e-05
Prodparmscheduling,2.91484761360049e-05
TaxreportlinestaxtransEs,2.9026972296869427e-05
Whsdimtracking,2.8819298976932905e-05
Mcrsaleslinedropshipment,2.803345119025357e-05
Taxdoccomplinesourcedocline,2.7901654858283173e-05
Markuptranshistory,2.776949579340244e-05
PurchtableW,2.729954073523267e-05
Retailinfocodeline,2.687193906605122e-05
Prodparmcostestimation,2.6817067186054383e-05
Whsmixedlicenseplatereceiptline,2.6592064946202644e-05
Fulfillmentplaninputline,2.62637990091586e-05
Wmsbilloflading,2.6149919432111e-05
Domresults,2.596234792862633e-05
Prodroutetrans,2.582429652559669e-05
Purchaseorderresponseline,2.561553007207237e-05
Purchlineforeigntradecategoryhistory,2.5335446168495352e-05
Salesquotationline,2.5286008945387157e-05
Custinteresttrans,2.4975563616377687e-05
Bankcodaaccountstatementlines,2.4715016225899008e-05
Intercompanypurchsalesreference,2.45645400099256e-05
Pdsrebatetable,2.451170719286576e-05
Whsasnitemreceipt,2.4467015638368172e-05
Budgettransactionline,2.439887076518075e-05
Agreementlinereleasedline,2.420809049391028e-05
Inventitemgtin,2.414034079813752e-05
Salespackingslipdetailstmp,2.3752807809884765e-05
Intercompanyinventdim,2.3520452319089032e-05
Retailinventavailability,2.3430495957639887e-05
Prodjournaltable,2.340139508359934e-05
Retaileodstatementworkingtable,2.285938208382167e-05
Mcrpricehistory,2.280272967972221e-05
Costentrytable,2.2584345623268116e-05
Retailtransactionincomeexpensetrans,2.2564610665183344e-05
Prodparmrelease,2.1970995015132857e-05
Vendinvoiceinfolinequantities,2.1888769552618503e-05
Inventjournaltranstaxextensionin,2.1871229414856545e-05
Suppitemtable,2.1551139926340704e-05
Purchreqline,2.106770545923651e-05
Vendtranscashdisc,2.0888485001212145e-05
Intercompanyinventsum,2.077771784738176e-05
Electronicmessageitemslog,2.0495080999112917e-05
Retaileodtransactionbankedtendertrans,2.0424027724254268e-05
Inventtransoriginprodbom,2.022758359647597e-05
Whsinventoryitemsetelement,2.0201416173112968e-05
Electronicmessageitems,2.001904134268792e-05
Whswavelabel,1.958033421493441e-05
Retailgiftcardtransactions,1.9579962909489696e-05
Wmsbillofladingorder,1.9430940790401968e-05
Reqdemplanaggregatedforecast,1.929813673456764e-05
Retailprepaymenttrans,1.911642583010567e-05
Retailtransactionvalidationerror,1.9106505959492168e-05
Jmgtimecardtrans,1.90513761299376e-05
Ledgertranssettlementwork,1.887835678410292e-05
CustinvoicejourIntrastat,1.881662770827495e-05
Projinvoiceitem,1.8717897330006263e-05
Retailbuyerspushline,1.869507559221324e-05
CustvendtranspostinglogRu,1.857635544752001e-05
Projitemtrans,1.846971994108719e-05
Tmssalestable,1.818481691319149e-05
Agreementline,1.811520761956153e-05
Projpostedtranstable,1.810066457714241e-05
CustinvoicejourOfficials,1.744166023925279e-05
Budgetsource,1.734521579076688e-05
Retailcreditcardauthtrans,1.710995931105925e-05
Retailinfocodelinev2,1.6962644730064575e-05
Retailstatementtable,1.6937590202469546e-05
Smmactivityparentlinktable,1.6855816413609945e-05
Prodtable,1.6602747849651866e-05
Sourcedocumentlinerelieving,1.6129316269761178e-05
Purchreqlinehistory,1.6076940638564882e-05
Custquotationtrans,1.5501527675452215e-05
Saleslinehistory,1.51641181029928e-05
Inventitemcostgrouprollupsim,1.5144952044861836e-05
Budgetsourcetrackingdetail,1.48675769332675e-05
Tampromotionitem,1.4158605853038511e-05
Taxwithholdtrans,1.4129746225926058e-05
Pdsrebatetrans,1.4000908472107158e-05
InventtransferparmlineIn,1.3888355465041675e-05
Mcrreturnsalestable,1.3848627432779704e-05
Wrkctrcapres,1.3614014739408814e-05
Whslicenseplatereceivinghistory,1.34534014149136e-05
Prodjournalroute,1.3409491941711684e-05
PurchparmlineIn,1.301842643649709e-05
Fulfillmentplanfulfillmentline,1.289994876273596e-05
Prodjournalprod,1.276382632373258e-05
Itmcostallocatetrans,1.2623074603643442e-05
VendinvoiceinfotableW,1.2438943241948215e-05
Assetbook,1.2333538839462845e-05
PurchlineIn,1.212457796998235e-05
Whsworkquarantine,1.201676079034661e-05
Commissiontrans,1.1947586592911271e-05
Inventdimcleanup,1.1651183664954762e-05
Ledgercovdocument,1.16189927347872e-05
Whsreceiptdetails,1.1550959831664738e-05
Prodroute,1.1529583697399248e-05
Prodparmreportfinished,1.151584839318194e-05
Inventcosttmptransbreakdown,1.1341041636861616e-05
Salesorderlinetotals,1.098331686951494e-05
Purchaseorderresponseversion,1.0901808067452764e-05
Custassignedinvoicenumbers,1.063842739440921e-05
Taxreportlines,1.051881436614656e-05
InventtransferjourlineIn,1.0513227218126724e-05
Mcrhistsalesline,1.0365039251951222e-05
Whsplannedworkorderline,1.036049530110309e-05
Whsuomstructurereceipt,1.0338450418542983e-05
PurchlinehistoryIn,1.0139454029151892e-05
Trvexptrans,1.009520493576594e-05
Reqdecouplingpointhistory,1.0020999359267746e-05
Costeventtable,9.9499585945961e-06
TaxtranshistoryReporting,9.806247095624908e-06
Retaileodtransactionincomeexpensetrans,9.751039468469116e-06
Prodparmhistoricalcost,9.747454542669303e-06
Bomversion,9.608299126434533e-06
Projitemtranscost,9.556519968559235e-06
Whsinventtransorigincontainerfrom,9.487532799044634e-06
Whsinventtransorigincontainerto,9.482596568636149e-06
Whsworkusersessionstate,9.197234157861177e-06
Whsloadtablevendpackingslipjour,9.11771596098104e-06
Salesquotationparmline,9.087083064560351e-06
Reqdemplanforecast,9.05341070442554e-06
Purchaseorderresponselinehistory,8.838261403374428e-06
EinvoiceIn,8.43668568963552e-06
Vendinvoicetotallastvalue,8.340678781056297e-06
Retailspecialcategorymember,8.234940783320158e-06
Retaildlvmodeproductline,8.077518955464568e-06
Tradepackingslipjourchain,8.07487613701994e-06
Projproposalitem,8.038129965901746e-06
Ledgerentryjournalizing,8.022568901306112e-06
TaxwithholduncommittedIn,8.000789654144099e-06
Mcrpricediscgroupitem,7.973843236339635e-06
Salesconfirmheadertmp,7.906114748646e-06
Salesbundleparentrelationship,7.854562474205706e-06
Assettable,7.72275490617548e-06
Projitemtranssale,7.694565229494351e-06
Salesquotationheadertmp,7.514351015206947e-06
VendtransW,7.5133711449327165e-06
Retailperiodicdiscount,7.464591004751655e-06
Retailsalespriceadjustmentline,7.447683427729693e-06
Wmheoutboundqueue,7.442858867920447e-06
Ledgerjournalvoucherchanged,7.284477541044241e-06
Reqprocesstransfilter,7.1972483678434814e-06
Purchconfirmationrequestjour,7.157621598598099e-06
Retailcreditvouchertable,6.945122945757542e-06
Retailpricingsimulatorsalesline,6.918350117561186e-06
Retailtransactioncustomeraccountdeposittrans,6.846741636427118e-06
Whsinventtransoriginquarantineto,6.821999236884558e-06
Whsinventtransoriginquarantinefrom,6.791255007838943e-06
Prodroutejob,6.755303716109921e-06
Tmsapportionedvalue,6.697474740376163e-06
Costcontroltranscommittedcost,6.651582397778579e-06
Retailkitorderjournal,6.644433921678534e-06
Retailtransactionpaymentrefundableamounts,6.603143420439149e-06
Chargeoverridehistory,6.491825697839154e-06
Purchpurchaseordertmp,6.353050284398678e-06
Vendpackingsliptranshistory,6.314385672440145e-06
Retaildiscountpricegroup,6.235901509902091e-06
Bankchequepaymtrans,6.23119685114441e-06
Budgetcheckresulterrorwarningdetail,6.188018725103038e-06
CustinvoicejourFr,6.182634732662047e-06
VendinvoiceinfolinetaxextensionIn,6.095020475260565e-06
Inventsumdelta,6.090073434113962e-06
Whswaveallocationprocessinglog,6.052048899222703e-06
Budgetsourcetracking,6.007236057165079e-06
Salesjournalautosummary,5.9959921540396335e-06
VendinvoicetransIntrastat,5.989017980853414e-06
Agreementlinereleasedlinehistory,5.918831994296142e-06
Vendinvoicetranstaxextensionin,5.913408933762903e-06
Itmlinecosttranslink,5.913048231123219e-06
Mcrhistsalestable,5.911539570579425e-06
Mcrholdcodetrans,5.875994416841235e-06
VendinvoicetransIn,5.858924933360361e-06
Projectaccountingdistribution,5.781545415101053e-06
Bomtable,5.759124182659384e-06
Projinvoiceitemdetail,5.723907775588594e-06
Salesquotationtable,5.7194942859807375e-06
Custassignedinvoicenumberstempdata,5.663933964919797e-06
Routeversion,5.535497565866672e-06
Extcodevaluetable,5.485753697031342e-06
Ltmpurchparmtablejour,5.4849398283021306e-06
Salesordertotals,5.347736887823367e-06
Retailreturnedquantities,5.343604675020511e-06
Businessdocumentsubmission,5.315511510815604e-06
Custcollectionlettertrans,5.305288299968936e-06
Purchaseorderresponseheader,5.292293078582119e-06
Whsmixedlicenseplatereceipt,5.285067184563578e-06
Wrkctrprodrouteactivity,5.21812601893204e-06
Inventtransoriginownershipchangejournaltranspurchlinelink,5.183740020682416e-06
Tamrebatetable,5.161850663404758e-06
Reqdemplanaggregatedforecasthistorybymodel,5.151182054264229e-06
Prodparmbomcalc,5.034804282735894e-06
Payrollpaystatementline,5.030018028874363e-06
Inventtransarchivehistory,5.009668281032372e-06
Whsloadtablecustpackingslipjour,4.992542856607918e-06
Whscontainerizationhistory,4.911314226836296e-06
Taxtranssubledgerjournalaccountentry,4.85784419414752e-06
CustinvoicetransIntrastat,4.761248175237762e-06
GeneraljournalentryW,4.716444945169595e-06
Purchreqbusjustification,4.572387394781162e-06
Consignmentreplenishmentorderline,4.495245207232804e-06
Inventdimupgradehashcode,4.401548503428925e-06
Sourcedocumentlinerelievingamount,4.384384108778069e-06
Itmline,4.3671623561495146e-06
Purchpackingsliptmp,4.279243799985392e-06
Itmcosttrans,4.25508259160064e-06
TaxwithholdtransIn,4.239917256460993e-06
Tmsroutesegmentcontainer,4.203729209690093e-06
Inventtrackingregistertrans,4.193504869627235e-06
Budgetplanline,4.177652223082553e-06
Routeopr,4.176913239595863e-06
Jmgjobtable,4.17457687237567e-06
Custinterestjour,4.137080325550766e-06
Projempltrans,4.051487321351322e-06
Purchreqbusjustificationhistory,4.051221093476786e-06
Projproposalitemdetail,4.029776413868643e-06
Retailsaleslinehistory,3.886212842783075e-06
Whsworkusererrorlog,3.813442417919418e-06
Tamrebateclaimedtrans,3.727289746825806e-06
WmspickinglistOrderpicktmp,3.698910532788198e-06
Inventquarantineorder,3.671317949141752e-06
Caselog,3.650397314544172e-06
Retailstatementline,3.6408539870194985e-06
Jmgstamptrans,3.5784007878900782e-06
Assetdisposalparameters,3.552345051756537e-06
Inventtransferrequestedlicenseplate,3.5484785719186744e-06
Projtable,3.5345200958055977e-06
Retailtransactionorderinvoicetrans,3.4394296990920817e-06
Bomcalciteminventorydimensiontask,3.38972130229124e-06
Custvendprocessedpayment,3.37785572029076e-06
VendinvoicetransW,3.328167187854032e-06
Retailsalesquotationline,3.3132579966533536e-06
Retailposbatchaccounttrans,3.220084542643293e-06
PurchlineW,3.1740792061926127e-06
Payrollearningstatementline,3.1630830798250672e-06
Inventtransoriginarchive,2.9819095099222324e-06
Consignmentproductreceiptjournalline,2.9593688083717944e-06
RetailcustomerorderlineW,2.949835425806324e-06
Purchreqtablehistory,2.8756503829333503e-06
Whsinventreservedelta,2.8648095287522715e-06
Retailposbatchtaxtrans,2.8436858768325296e-06
Inventtransoriginsalesquotationline,2.831367714354296e-06
Inventparmquarantineorder,2.8302183688345046e-06
Mcrsaleslinehistory,2.799597920088028e-06
CustpackingsliptransIntrastat,2.783621226739976e-06
Whsinventbatchreceiptdetails,2.759761903278196e-06
Intrastat,2.729333749946817e-06
Whsworkclusterline,2.7186159146511003e-06
VendtransIn,2.7142846681830814e-06
Consignmentdraftreplenishmentorderjournalline,2.697444082098738e-06
Bankpaymadvicevendtmp,2.6852027326397177e-06
Custvendcreditinvoicingjour,2.682486638131036e-06
Markupmatchingtrans,2.66407724973514e-06
Inventtransoriginprodtable,2.650049580309853e-06
Custdispute,2.607269413668466e-06
Salesbundleparent,2.592851270301596e-06
Payrollustaxtransactionhistory,2.572944510844375e-06
Budgetsourcetrackingrelievingdetail,2.526746171751431e-06
Inventblocking,2.525534083473358e-06
Inventqualityordertable,2.410650246308597e-06
GeneraljournalaccountentryzakatSa,2.3851173015085186e-06
Entassetworkorderlinechecklist,2.37935144760827e-06
Pmfcobyprodcalctrans,2.3660975134562664e-06
Trvpbsmaindata,2.343794948019808e-06
Mcrsaleslinepriceoverride,2.321783654869315e-06
Inventtransfercombinedlinedelivery,2.316718507705036e-06
Inventqualityorderlineresults,2.2787946749314072e-06
Custquotationjour,2.257784081647325e-06
Retailsalesquotationdiscountline,2.254381926598407e-06
Itminventtransphysestimatetrans,2.242578598093411e-06
Domiteminventlocation,2.240518326800501e-06
Whsreplenworklink,2.24047473124754e-06
Custvendcreditinvoicingtable,2.206890814024573e-06
Psaprojproposalproj,2.201197672532479e-06
Salesparmpackingsliptrackinginformation,2.195377411997918e-06
Inventqualityorderline,2.1828635818904534e-06
Salesinvoicelocalizationtmp,2.168339980694937e-06
Pdsbatchattributes,2.1313389200234844e-06
Statisticsoninvoicejour,2.0488570854527243e-06
Bankaccounttransreportingcurrencyamounts,2.0369746097743874e-06
Retailsalestablehistory,2.014980676855776e-06
Hierarchytreetable,2.014140596444311e-06
Purchaseorderresponseheaderhistory,2.006282202515611e-06
Reqdecouplingpointperiodsettings,1.998940908576883e-06
Whsworkusersession,1.997463600146864e-06
InventstatusreporttmpCn,1.9276267896610114e-06
Retaileodtransactionorderinvoicetrans,1.918288643523802e-06
Agreementlinehistory,1.891088258467812e-06
Retaillastinventtrans,1.883614102658096e-06
Whsmobiledeviceprotocolviolationexceptionlog,1.860502173820112e-06
Custquotationsaleslink,1.851575489978784e-06
Whsprodbompool,1.815983254154588e-06
Vendreceiptslisttrans,1.8044789777111796e-06
Whsplannedworkorder,1.80259774721711e-06
Tmspurchtable,1.801032016325321e-06
Itmparmgoodsintransitorder,1.7933409980272797e-06
Salesquotationparmtable,1.7933274256432007e-06
Custcollectionletterjour,1.7911278963112809e-06
Salesconfirmdetailstmp,1.7905588911730102e-06
Prodparmstatusdecrease,1.7902652282101037e-06
Projjournaltrans,1.7503253919581595e-06
Pricediscadmtransfer,1.7496620165859598e-06
Projempltranssale,1.7402202435717247e-06
Retailcoupon,1.7335369649042115e-06
Assetledgeraccounts,1.7215960206108843e-06
InventturnoverreportlineRu,1.7059478339878448e-06
Tmsinventtransfertable,1.7043632406859946e-06
InventsitegateentrylineIn,1.7003156207665502e-06
Reqroute,1.6977242471054732e-06
Wrkctrrouteopractivity,1.6975406961626046e-06
Psnpurchasingcardvendinvoiceinfotable,1.6874943693016676e-06
Generaljournalaccountentrydetailstmp,1.6661201165649214e-06
Custquotationconfirmtrans,1.593781070842774e-06
Domdistance,1.578745470207285e-06
Whsprocessadvisorworkexecution,1.5775583373213625e-06
Tmsroutesegmentloadline,1.5087061945180946e-06
Retailpricediscadmtrans,1.4965287563836103e-06
Retailtransactionsalestransext,1.4819480765914222e-06
Tamrebatedate,1.4629649621014036e-06
Bankstatementlinebankdocumentinformation,1.4625367926917e-06
Ledgertransfurtherposting,1.44623060470394e-06
Custvendpaymjournalfee,1.4381237821061338e-06
PurchlineIntrastat,1.4344922372091378e-06
Retailtransactionauditlogtable,1.430123375645007e-06
Reqroutejob,1.4219013245777017e-06
Inventtransoriginconsignmentreplenishmentorderline,1.4118907240983746e-06
Taxtransrefundablevat,1.3959644433641966e-06
Purchreqtable,1.3701162447281217e-06
Bankstmtisocashbalanceavailibility,1.3667980727362709e-06
Projplanversion,1.3507970642705495e-06
Credmantrans,1.3387491976042933e-06
Saleslineforeigntradecategory,1.332712160290143e-06
Itmcostallocatetranssourcedocline,1.3122125201373498e-06
Agreementheaderdefault,1.302706219982254e-06
Rtax25registertrans,1.297104372543343e-06
Vendsettlementtax1099,1.2587110845805245e-06
Inventtransoriginblockingissue,1.2378894871521935e-06
Budgetplanlineactiveviewdetail,1.2321589177923455e-06
Retailsalesquotationtable,1.20607353365525e-06
Retailbuyerspushtable,1.19737902101621e-06
Custpackingsliptranshistory,1.19307745649865e-06
Whsworkcreationparameters,1.1903520722192988e-06
Purchreqtableversion,1.1852612897283062e-06
Purchreqtablehistorytotals,1.1713448439014729e-06
Whsshipmentexceptionlog,1.1711234731624404e-06
Whsproductvariantfixedlocation,1.170193415474502e-06
PurchtablehistoryW,1.1506013417907029e-06
Mcrrcsettlementtable,1.139997603965695e-06
Salesquotationparmsubtable,1.109125448858066e-06
EinvoicetransMx,1.0999246526360613e-06
Statisticsoninvoicepaymentschedule,1.0893535277101831e-06
Vendrfqtrans,1.06945178058087e-06
Itmgoodsintransitorder,1.0644046575396362e-06
Projjournaltable,1.0563086522788896e-06
Taxtransextensionth,1.0547436832659031e-06
Projtransbudget,1.0496741621880942e-06
Hcmpersonprojectrole,1.0334250569600968e-06
Purchreceiptslistheadertmp,1.026462496781634e-06
Inventiteminventorydimensionchange,1.0234393649938622e-06
Retailinventitemsectionlocation,1.021680553590086e-06
Custdisputehistory,1.0173524239815226e-06
Projempltranscost,1.0152277173461151e-06
Ledgerjournaltransaccrualtrans,1.002681705595851e-06
Inventtransoriginquarantineorder,9.93756327669552e-07
Subbilldeferraltransactionlinedeferral,9.865921056978116e-07
SalestableIntrastat,9.65472950868151e-07
Psacustomerinvoiceretain,9.64170945855572e-07
Retailtransactionnotetrans,9.563644637737614e-07
Tmsrouteratedetail,9.326329896668374e-07
Whsprodwaveline,9.291382931212008e-07
Tamvendrebateagreement,9.074766892537683e-07
Agreementreleaseheadermatch,9.056601882644092e-07
Projcosttrans,8.918842229415775e-07
Inventvalueexecutionhistory,8.815707975222706e-07
Whsmixedlicenseplatereceiptlog,8.785780383040484e-07
VendinvoiceinfotabletaxextensionIn,8.578715719443973e-07
Whstmpworkline,8.454754596685507e-07
Purchrfqline,8.29645805773794e-07
Projplanversiondetail,8.250547943969355e-07
Custpaymschedline,8.103518081393422e-07
Route,8.042459238799074e-07
Pdsadvancedpriceinfo,7.939322127906498e-07
Purchlineorigin,7.871198860196194e-07
Taxenginepurchreqheader,7.84432916094422e-07
Tamrebatedatetransledgerjournaltrans,7.82722196558645e-07
Statisticsoninvoicepaymentschedulebalanceonduedate,7.819744044261254e-07
InventtransferparmtableIn,7.758057149841937e-07
Vendinvoicetransref,7.620655769314877e-07
Catcxmlpurchrequesthistory,7.586959348896688e-07
Agreementlinedefault,7.578906255301618e-07
PurchlinehistoryW,7.437704654842237e-07
OfficialstransRu,7.43565978679645e-07
Inventsumdeltadim,7.378517656378729e-07
Custpaymsched,7.255524483969524e-07
Hierarchy,7.198038997890756e-07
InventtransferparmtablefiscalinfoBr,7.009439613853785e-07
Tamrebateline,6.949006026838289e-07
Mcrroyaltyvendtable,6.939694252352306e-07
Hierarchylinktable,6.935588129959545e-07
Smaserviceordertable,6.924987487746729e-07
Entassetobjectcalendar,6.916250913542906e-07
Casedetailbase,6.874973868685736e-07
Trvexptable,6.740168244590922e-07
Bankdeposit,6.717471379487595e-07
Supplementarysaleslineref,6.669958425779136e-07
Forecastitemallocationline,6.658292085509774e-07
CustpackingslipjourIntrastat,6.390138347198312e-07
Inventcostlistassembly,6.335075598287104e-07
Inventinventorydataservicesoftreservehistory,6.305812509663571e-07
Tstimesheettrans,6.243320309649246e-07
Tmstransportationstatus,6.218178086627508e-07
EinvoicerefcustIt,6.15695484601986e-07
Smmresponsibilitiesempltable,6.053818725854279e-07
VendinvoiceinfolineProject,5.98279589563315e-07
Whsworklinecustom,5.859634001575295e-07
Retailsalesquotationaffiliation,5.823699212215753e-07
Tmsroutesegmentshipment,5.816510082494892e-07
Vendrfqjour,5.591566732427836e-07
Smaservicetaskrelation,5.569524665345996e-07
Custinterestnotetmp,5.461162214816716e-07
CustinvoicejourextensionCn,5.33893192699472e-07
Retailtransactionfiscalcustomer,5.334926980990832e-07
Trvexpmobilenotification,5.303165018693828e-07
SaleslineBr,5.282760298147919e-07
Whscrossdockloadline,5.280520832520058e-07
Purchrfqparmline,5.210759166650558e-07
Whsprodtable,5.203311557496883e-07
TaxwithholdworkregulationIn,5.13442598371396e-07
Whsworklineloadlinedetails,5.058886936667335e-07
Dommininventruleforproductinventloc,5.000464567635326e-07
Agreementheaderdefaulthistory,4.939167855564095e-07
Smaserviceorderline,4.884498726872361e-07
Agreementlinedefaulthistory,4.878605485332795e-07
Domordersrejectedbyinventlocations,4.878026765467521e-07
Custquotationconfirmjour,4.811309086809064e-07
Custinvoicejourprint,4.792213152607143e-07
Engchgreleasedproductversion,4.762288338845039e-07
Trvexppaymentdetails,4.738441113368931e-07
Projhierarchysorting,4.724656394505862e-07
Mcrfrauddetail,4.6731038576579946e-07
Pdsrebateagreement,4.6669130055159014e-07
Purchreqlinetaxextensionin,4.624776963595234e-07
Purchrfqcaseline,4.5667533956161293e-07
Ledgerjournaltranstaxextension,4.514982030337889e-07
Whsmobileappuserdisplaysettings,4.402143267092606e-07
Inventagingstorage,4.361462145519154e-07
Salesagreementheaderdefault,4.34138788070007e-07
Retailinventavailabilityaction,4.249310779509434e-07
Domsaleslinetoprocess,4.18821209270538e-07
Whsworkclustertable,4.184132764561832e-07
Whsworkauditcapturedata,4.113832128813621e-07
Credmantable,4.080021787856076e-07
Inventitempricecomparestoragedetails,4.077219133569739e-07
Mcrbrokercommission,4.065159227887546e-07
Tstimesheetmobile,3.9942496976173973e-07
Caseassociation,3.959714450863438e-07
Entassetobjectattribute,3.9399741839412746e-07
Custvendpdcregister,3.846792496555865e-07
Projtablesorting,3.764012481891708e-07
Tamvendrebateagreementline,3.763949324706612e-07
Inventnonconformancehistory,3.746445963665172e-07
VendinvoiceinfotableIn,3.7407257042989285e-07
Salesagreementheaderdefaulthistory,3.7306138378246317e-07
Ledgertransaccounttmp,3.69728262032496e-07
Vendreceiptslistjour,3.6854995758922603e-07
Whsworkuser,3.661624677489085e-07
VendpackingsliptransIn,3.654205417986146e-07
Retailproductlistingstatus,3.4934756120197255e-07
Purchrfqreplyline,3.4476615494989934e-07
Tstimesheetline,3.413558729169569e-07
Trvpolicyviolationscache,3.371164061554313e-07
Inventvalueitemlist,3.363270865295116e-07
Custquotationconfirmsaleslink,3.3249054250205934e-07
Assettransreportingcurrencyamounts,3.309594016895785e-07
Mcritemlistline,3.2621761343373496e-07
Inventnonconformancetable,3.2169589429785e-07
Trvworkflowlog,3.200841393651101e-07
Tamrebatedatetrans,3.186801441126545e-07
Itmcostestimateline,3.185195121905816e-07
Whsworkusersessioninprogresslock,3.169269575536397e-07
Retailtmporderitem,3.168920945040221e-07
Whswaveprocessingremovedshipment,3.160123933500275e-07
Retailpricingsimulatorlinediscount,3.1112494725552024e-07
Whsworkuserwarehouse,3.100541552147001e-07
Projfundingrule,3.0637676148086497e-07
Retailpricingsimulatorlinepricedisctable,3.048024599812416e-07
Saleslinebundle,3.032293583707009e-07
Retailassortmentexploded,3.030770301757801e-07
Tmsappointment,3.00077805002408e-07
Inventcostlisttrans,2.980079368555338e-07
Payrollpaystatement,2.910799473360041e-07
Itmcostinvoicetrans,2.908478683528167e-07
Giroreporttmp,2.893622234002348e-07
Whsworkblockingreasonassociation,2.888263524553309e-07
Purchprepaytable,2.849791634051268e-07
Vendinvoicelineforeigntradecategory,2.811215923265639e-07
Vendreceiptslistpurchlink,2.80813910477036e-07
Tmsappthistory,2.79582054427409e-07
Camaxdatajournalentrygeneraljournalaccountentry,2.704301422121171e-07
Printmgmtsettings,2.693514849969559e-07
Entassetworkorderlineschedule,2.662165332037088e-07
Psaprojworkcomplete,2.6391943105859774e-07
Psaprojfundingsourceretain,2.6391501907936136e-07
Assetbooktablederivedjournal,2.625949495196838e-07
Custinteresttransline,2.584511412804132e-07
Whsuomstructureissue,2.566707829595834e-07
Itmcostautoline,2.536575423762132e-07
Retailtransactionpaymenttransext,2.53303066557552e-07
Tammercheventpricing,2.530819687888293e-07
Projfundingruleallocation,2.493794926221472e-07
Vendpaymschedline,2.443882481556384e-07
Purchrfqtable,2.438504770588053e-07
Entassetworkorderline,2.424739063319841e-07
Entassetobjecttable,2.4112589132888454e-07
Whsshipmentwavelabeldetails,2.345493467873139e-07
Itmledgerjournalcostlines,2.3119365412178961e-07
Pmfprodcoby,2.31067276375185e-07
Assetbudget,2.245550070410591e-07
Bankaccounttranspl,2.2040264330730138e-07
Itminventtransorigingoodsintransitorder,2.2007195386058185e-07
Tstimesheetlineweek,2.1607598008098174e-07
Returnreplaceitemref,2.132944722245931e-07
Vendinvoiceintrastat,2.090069935131224e-07
Retailwarrantytransactionsales,2.0721609000621159e-07
CustomsimportassessablevalueIn,2.0345176710900278e-07
Projcosttranssale,2.019905187200858e-07
SalestableBr,2.016649272657212e-07
Pdsrebateagreementline,2.01115131336248e-07
Projcosttranscost,2.006043513053811e-07
Projrevenuetrans,2.0054405569149325e-07
Assetimage,1.932096965981419e-07
Retailpricingsimulatordiscount,1.931961111822605e-07
Entassetlifecyclestatelog,1.9223284086655597e-07
Vendpaymsched,1.9003278891175306e-07
Smmopportunitytable,1.8896701996087266e-07
Itmcostestimatetable,1.8617634132513093e-07
Purchrfqcasetable,1.8450904729777773e-07
TaxgsttaxinformationMy,1.8229524132192277e-07
SalesparmupdateIn,1.82231579838185e-07
LedgerjournaltransProject,1.802220885961866e-07
Custsettlementline,1.743034709044434e-07
Banktranssummarizationline,1.7409120081440201e-07
Psaactivityestimates,1.7225419183161558e-07
Ledgerjournaltransextensionth,1.610046418501746e-07
Assetinventtrans,1.5669943260212457e-07
Statisticsoninvoicepaymentaccountentry,1.5407527119211084e-07
Inventpendingregistrationdetail,1.5117249249447257e-07
FiscaldocumentlinesourceBr,1.5022081091659214e-07
Psaprojinvoicetmp,1.4979618086468312e-07
Assetleaseledgertoleaserelation,1.469720326742651e-07
Reqtranspomarkfirmpurchaselinenumbersequence,1.455312794462701e-07
Mcrpickingworkbenchwavesalesline,1.4508675398421969e-07
Tmsdriverlog,1.4351201409786597e-07
Retailfiscaltranspaymenttransadjustment,1.4041556055169206e-07
Prodtablerecalcqueue,1.391199597343705e-07
Retaildiscountcode,1.3888822450510566e-07
Retaildiscountthresholdtiers,1.3543365837058408e-07
Whsordercommittedreservation,1.322114316006395e-07
Prodpicklisttmp,1.3174882916865118e-07
Credmanblockreason,1.3062873578235445e-07
Forecastpurch,1.280907267871496e-07
Projcontrolperiodtablecolumn,1.2578367352677653e-07
Custinvoicejourextensionth,1.2509132431704785e-07
Tmsfreightbilldetail,1.2490742472641106e-07
Whsordercommittedreservationtransferred,1.2352142972566208e-07
Trvpolicyviolationslog,1.2159533020470746e-07
Projbudgetreductionhistory,1.2073404250023698e-07
TaxwhttransgeneraljournalaccountentryIn,1.182512213942334e-07
Retailcompetitorpricetable,1.173760089377067e-07
Smmleadtable,1.146233947129202e-07
Vendadvanceapplicationtrans,1.1442262924634246e-07
SaleslineW,1.1351056719306605e-07
Whsitemsamplingtracking,1.1313662476259877e-07
Salestableextensionth,1.1296241310460589e-07
Purchorderrfqlinereference,1.1250482730755243e-07
Engchgproductreleaseline,1.1011283126485689e-07
Ledgervouchertransauditlogdetail,1.0950620556088125e-07
Projcontrolperiodcostgroup,1.094895953164205e-07
Retailparameters,1.0817669271656679e-07
Tmsroutemarkuptrans,1.0581194619469023e-07
Projrevenuetranssale,1.0382347581452679e-07
Entassetobjecthierarchy,1.0175845152325413e-07
Reqtranscovkeep,1.0083947067907268e-07
Vendpromissorynoteinvoice,9.822344251986404e-08
Entassetworkorderlinereservation,9.816877099783805e-08
Prodparmsplit,9.775772140153225e-08
Purchrfqparmtable,9.709824398866827e-08
Purchrfqvendlink,9.671625856674392e-08
Trvenhanceddata,9.651393708968133e-08
Ledgerconsolidatehist,9.395049494338773e-08
Custinvoicelineinterproj,9.354567273278019e-08
Pmfformulacoby,9.340986510979073e-08
Itmitempricebreakdowntable,9.254434294425448e-08
Bankbridgingtrans,9.251337939298725e-08
Reqtransreceiptcov,8.994016250918119e-08
Jmgpayagreementline,8.980548138973006e-08
Projforecastcost,8.930741385435718e-08
Ledgerjournaltransaccrual,8.889878952407504e-08
Inventsumcriticaltmp,8.792185338726523e-08
Agreementlinereference,8.7656897912664e-08
Whsmobiledevicequeuemessagecollectionlog,8.760534423550574e-08
Inventstdcostconvitem,8.757827138030954e-08
Retailactivationlinktable,8.73168656823014e-08
Routetable,8.606607310631297e-08
Projcontrolperiodtable,8.541428947246295e-08
MarkuptransIn,8.266184706374155e-08
Purchreceiptslistdetailstmp,8.21795207055154e-08
Custcollectionslinktable,8.190981347262095e-08
Projvalprojcategorysetup,8.189614554782625e-08
Projinvoicerevenue,8.16996156938074e-08
Smmprocessstage,8.150931624815634e-08
Whsreservationremovehistory,8.14706512006566e-08
Custvendpaymproposalline,8.144175826659359e-08
Salesquotationdetailstmp,8.13162502959142e-08
Inventtransorigintransferscrap,8.0979500496436e-08
Retailcustemailnotificationlog,7.904578843209504e-08
Projbudgetline,7.823665970266017e-08
Entassetworkorderlinenote,7.806608101664076e-08
Tamrebatefifopurchprice,7.739085962540153e-08
Itmledgercostpostingoptions,7.67881277065988e-08
Itmcostautotable,7.602181725010183e-08
Budgetplanlinebudgettransactionlinelink,7.538500137752068e-08
Purchdeliveryschedule,7.48462788926851e-08
Purchreqlineprocessingerror,7.425470389070158e-08
Projinvoiceempl,7.378413830780558e-08
Salesquotationlinecalculatedtotals,7.306341917441893e-08
Mcrsalesquotationline,7.167829045082747e-08
Pdshistoryinventdisposition,7.15876352106156e-08
TaxtranshistoryW,7.061104456604023e-08
Whssourceorderfullfillmentpolicy,7.043614185714618e-08
Vendpromissorynotetrans,6.926812804246587e-08
Entassetworkorderlinechecklistheader,6.866764099278333e-08
Budgetplanlineactiveview,6.775056606906894e-08
Purchrfqreplytable,6.76158843627992e-08
Assettransferhistory,6.729652338323471e-08
ProjbegbaljournaltransCostsales,6.72701409921211e-08
Ledgerjournaltranspayrolldisbursement,6.644250770126639e-08
Salestablelinks,6.564679025758948e-08
Payrollpaystatementaccrualbalance,6.519067157353493e-08
VendinvoiceinfotableOfficials,6.38948953528042e-08
Whsmobileappdontshowagaintable,6.347312276437343e-08
Whsslotdemandlocated,6.173982499441437e-08
Inventtransoriginpmfprodcoby,6.119911158898728e-08
Tmsfreightbillmarkuptrans,6.00132771998207e-08
Inventpendingquantity,5.884206305350349e-08
Projinvoicerevenuedetail,5.793778813876293e-08
LedgerjournaltranszakatSa,5.759239053712052e-08
Warrantiedrelationsalesline,5.700470697303538e-08
Projproposalrevenue,5.638752643922351e-08
SaleslinereturndetailsIn,5.625544181504249e-08
Inventstdcostconvitemconverted,5.6226723088607255e-08
Projinvoiceempldetail,5.5529963405440956e-08
Purchjournalautosummary,5.44148878055722e-08
Projonacctrans,5.437656600268085e-08
Whstotereusetable,5.399734917996497e-08
Purchrfqscoring,5.355619619777807e-08
Smaserviceorderreason,5.330871903846713e-08
Entassetobjecttableparent,5.324912259129282e-08
Printmgmtdocinstance,5.2009655869455775e-08
Projcontrolperiodtrans,5.1533558269862045e-08
Entassetfunctionallocationobject,5.1466174960953136e-08
Purchrfqscoringrfqcasecriteria,4.9688417730294084e-08
Projproposalempldetail,4.933584363579313e-08
Projproposalrevenuedetail,4.8987937273801314e-08
Bankaccountstatementtransactionshistory,4.811688035677109e-08
Purchprepaytablehistory,4.8094304547368015e-08
Itmpurchreceiptcost,4.7974414003176654e-08
Projbudgetallocationline,4.79398130732602e-08
Whsslotdemand,4.7678495076956623e-08
Whsmobiledeviceactivitylog,4.7062701859882487e-08
EinvoicerefvendIt,4.6787021942717836e-08
Projproposalempl,4.641143854592946e-08
Vendpromissorynotejour,4.63704355576609e-08
Purchencumbrancesummary,4.6191212845046167e-08
Trvappemplsub,4.4720094687215356e-08
Hcmemploymentcontractor,4.3460562532843884e-08
Revrecdeferredline,4.294156260131199e-08
Taxuncommittedextensionth,4.0382620999579197e-08
Psacontractlineitems,4.0224237445394146e-08
Smmleadreltable,3.7552586974047714e-08
Recurrenceinvoice,3.7178125928779065e-08
Pmfconsord,3.716454604892248e-08
Assetstatementinterval,3.709690209289488e-08
Custtransextensionth,3.661128949499929e-08
Projonacctranssale,3.616304402359384e-08
Salesorderlinenotsyncedwithcdsrecord,3.5794466244723163e-08
Custbillofexchangetrans,3.460854704365697e-08
Projbudgetstatusdetail,3.3841635972759615e-08
Mcrcustcredittable,3.2963740548255713e-08
Tamrebategrouplink,3.1937500951207786e-08
Mcrsalestablehistory,3.1682497776577834e-08
Whsdocumentroutingtable,3.1577832994554163e-08
Whsmobileappcopilotsummaryscreeninsightsusagetable,3.1419363919858304e-08
Whsworker,3.141616500544371e-08
Custtransopenline,3.049605844383948e-08
Auditpolicyruleviolation,3.034044429712251e-08
Psacontractlineitemssetup,3.0309909023804265e-08
Subbilldeferralscheduleline,2.998899263164564e-08
Retailtransactionsupplementaryinvoice,2.9192929917175275e-08
Smmopportunityreltable,2.91892105721432e-08
Tmsfbinvmatch,2.8923394467129724e-08
SalestablehistoryW,2.70184828520218e-08
Purchdeliveryschedulehistory,2.5826680971376283e-08
Subbilldeferralaudittrail,2.5761199752005273e-08
Trvpolicyviolationjustification,2.546891572429533e-08
Salesquotationlineforeigntradecategory,2.5242457367418185e-08
Rcashtrans,2.4964272033663083e-08
InventtransferlinefiscalinfoBr,2.4177723420658572e-08
Custbillofexchangeinvoice,2.3856548230413543e-08
Plinventpackagetrans,2.3526808278375983e-08
Assetleasepaymentschedulecontracttrackhistory,2.3082974907999445e-08
Subbilldetailline,2.293903883947445e-08
Salestaxtransactionexchangerate,2.252409564622058e-08
Plinventpackageparm,2.0762342520669145e-08
Retailtmpassortmentrecordstokeep,2.0360461135000935e-08
Syspolicysourcedocumentruleviolation,2.027742355346229e-08
Tmsraterouteline,2.0231576510295376e-08
Tmsinvoiceline,1.97854072696233e-08
CustconsinvoiceJp,1.9530663568474764e-08
Custinvlinebillcodecustomfieldbase,1.9267270094337173e-08
Reqitemdecoupledleadtime,1.9259917699827288e-08
Vendinvoicejourextensionth,1.9081466775499132e-08
PurchtableIntrastat,1.8958983190517118e-08
Whsmobiledevicequeuemessage,1.8059204834399506e-08
Tamdeduction,1.773837537997402e-08
Projinvoiceonacc,1.7696682182280042e-08
Projinvoicecost,1.7574283796719385e-08
Retaildiscountvalidationlog,1.7383120399041218e-08
Retailsumlines,1.7094899470286013e-08
Assetleasepaymentschedulecontract,1.6482995365979853e-08
AssetgrouptransIn,1.6355320971651375e-08
Projbudgetrevisionline,1.6342778443190046e-08
Projbudgetstatus,1.6179119622064484e-08
Taxwithholdtransextensionth,1.6055251100835392e-08
Retailloyaltyearnschemeline,1.5959494602013887e-08
Advancedledgerentryline,1.59393438150494e-08
Custbillofexchangejour,1.5862441001514454e-08
Subbilldeferralscheduletable,1.5601383275879853e-08
Mcrroyaltyitemcode,1.5482964328867476e-08
Custinterestadjustmenthistory,1.5383402023378892e-08
Mcrcouponsalestable,1.4208207597037617e-08
Smmcampaigntable,1.4189005341486832e-08
Projbudgetrevlineallocation,1.4066001137662492e-08
Whstransportloadcustpackingslipjour,1.3926390132784821e-08
Bankpaymadvicecusttmp,1.3628917432633977e-08
Trvexptransguest,1.340816685016927e-08
Purchrfqparmsubtable,1.3132230138959181e-08
Personsearchprintmanagement,1.3004642826300484e-08
Requisitionlinefirmedorderline,1.2933537891517293e-08
Projectcontractlineintegration,1.2713481194398472e-08
Salesquotationcalculatedtotals,1.2207973684603708e-08
Entassetrequesttable,1.1956689976798371e-08
InventjournaltransIn,1.1701080374941997e-08
Tmsinvoicetable,1.1438811854255784e-08
Itmoverundertrans,1.140507736757761e-08
Mcrroyaltyvendtrans,1.1032433345290106e-08
Assetinternaltransferhistory,1.0922577621055377e-08
Vendinvoiceinfosublineshadowv2,1.0613770541274969e-08
Mcrbrokeraccrual,1.0530991093499749e-08
Projproposalonacc,1.0299168616484389e-08
Entassetroundobject,9.705346276313605e-09
Bankstatementreversehistory,9.584416598126996e-09
Projinvoiceonaccdetail,9.517032525246668e-09
Retailwarrantytransactionstatus,9.360293978680791e-09
Pcconfigurationreuse,9.35121153213906e-09
LedgerjournaltransRcash,9.18677409127234e-09
BasedocumentIt,9.139804441928553e-09
Assetbookbonus,8.82926752048524e-09
Vendinvoiceinfotableextensionth,8.611286854802897e-09
Vendinvoicesimulatedpostresults,8.353602826957231e-09
Tamfundinvent,8.236654325630681e-09
Projproposalcost,8.205253738423222e-09
Tmsproposedloadcontent,8.083462012602024e-09
VendinvoicejourcorrlinkRu,7.68988442051824e-09
EinvoicecfdireferenceMx,7.581586024342231e-09
Entassetworkordertablejournals,6.912418940522538e-09
Psnpurchrfqcasebiddingguidanceitem,6.662520191108381e-09
Taxjournaltransexchangerateamount,6.642105690067493e-09
Projproposalonaccdetail,6.574116430030299e-09
Bankchequereprints,6.503099108375268e-09
Tamdeductionupdatehistory,6.334337544985441e-09
Entassetobjectimage,6.225348275061026e-09
Mpsexcludespecificsourcedocumentline,6.087637931426861e-09
Whsvalidatorrunstepinstance,5.977003941756557e-09
Einvoicepropertytable,5.943788258104584e-09
Assetleaseleasedetails,5.868273182045254e-09
Warrantypolicy,5.767673181927863e-09
Shipcarriertracking,5.7277096376719435e-09
Custpostinvoicejobprocessingqueue,5.4695924823195664e-09
Ecoresbomdimbasedconfigurationnomenclature,5.418124967850985e-09
Prodbomparmchangeitem,5.391742731746052e-09
Ledgertranssettlementopen,5.2318894183422425e-09
Engchgproductreleaseproduct,5.1464272793910895e-09
Catcxmlpurchrequest,5.126359654590845e-09
Smarepairline,4.947823121175494e-09
Mcrbrokerclaim,4.911491984218512e-09
LedgerjournaltransError,4.870837566214188e-09
Vendsettlementextensionth,4.803280149325958e-09
Tmsinvoicelinereconcile,4.776811529090364e-09
TaxwithholdtaxjournaltransIn,4.664014747403233e-09
CustpackingsliptransIn,4.590230099825436e-09
Projposting,4.483747984803242e-09
Projparameters,4.443178910156921e-09
Assetleaseleasedetailsversionhistory,4.289035807016454e-09
Tamrebatetransreductionlink,4.162658148988269e-09
Vendinvoicesimulatedpostresultdetails,4.120879408639392e-09
Mcrreturnsalestablehistory,4.101849334531306e-09
Salesinvoicepaymentstubtmp,4.0310047811375975e-09
Tmsroutesegmenttable,3.6668379185865166e-09
Tmsroutetable,3.1792352415751704e-09
Psacontractlineinvoicetmp,3.067736912356013e-09
Gupitembaseprice,2.835482691840134e-09
Gupitembasepricevalid,2.6486418555260804e-09
Tmsratedetails,2.563265978913044e-09
Whsconsolidatedworkline,2.029299083299864e-09
Ltmledgerjournaltrans,2.0080200655573324e-09
Taxtranssubledgerjournalaccountentryhistory,2.004646888154729e-09
Customerinvoicedocumentlifecyclestagetransition,1.2360905881972068e-09
Assetbookinuseforposting,1.2135139483904183e-09
Custinvoicetablecalctotals,1.2101409813567567e-09
Reqplannedordergroupfirmingparameters,1.193013351092157e-09
Whswaveupdatedloadline,1.0743348088058104e-09
Gupitembasepricesim,1.028143613122441e-09
TaxtranshistoryIn,6.941656126750447e-10
Customerinvoicedocumentlifecyclestagetransitionlog,6.382001998655224e-10
Subbilldeferralbalancereport,5.41319422987662e-10
Projbudget,4.6087416255644573e-10
Projwbsuserexpand,4.0637891863151337e-10
SaleslinehistoryIn,2.5188912747524314e-10
Wrkctrcapresproperty,2.3874106862351336e-10
Generalledgerbalanceunprocessedtransactions,1.0613598060886934e-10
